"User Story: User Story Reference","User Story: Owner Name","Release","JIRA key","User Story: Created By"
"US-0010150","Aayush Shrivastava","Dearborn PNM Phase 3 release","SFDC-43408","Aayush Shrivastava"
"US-0010221","Aayush Shrivastava","Dearborn PNM Phase 3 release","SFDC-47672","Aayush Shrivastava"
"US-0010336","Aayush Shrivastava","Dearborn PNM Phase 3 release","SFDC-43753","Aayush Shrivastava"
"US-0010338","Aayush Shrivastava","Dearborn PNM Phase 3 release","SFDC-44036","Aayush Shrivastava"
"US-0010398","Aayush Shrivastava","Dearborn PNM Phase 3 release","SFDC-44424","Aayush Shrivastava"
"US-0010401","Aayush Shrivastava","Dearborn PNM Phase 3 release","SFDC-40708","Aayush Shrivastava"
"US-0010416","Aayush Shrivastava","Dearborn PNM Phase 3 release","SFDC-44079","Aayush Shrivastava"
"US-0010460","Aayush Shrivastava","Dearborn PNM Phase 3 release","SFDC-44540","Aayush Shrivastava"
"US-0010476","Aayush Shrivastava","Dearborn PNM Phase 3 release","SFDC-44542","Aayush Shrivastava"
"US-0010477","Aayush Shrivastava","Dearborn PNM Phase 3 release","SFDC-44542","Aayush Shrivastava"
"US-0010478","Aayush Shrivastava","Dearborn PNM Phase 3 release","SFDC-44542","Aayush Shrivastava"
"US-0010498","Aayush Shrivastava","Dearborn PNM Phase 3 release","SFDC-44550","Aayush Shrivastava"
"US-0010501","Aayush Shrivastava","Dearborn PNM Phase 3 release","SFDC-44550","Aayush Shrivastava"
"US-0010513","Aayush Shrivastava","Dearborn PNM Phase 3 release","sfdc-44542","Aayush Shrivastava"
"US-0010527","Aayush Shrivastava","Dearborn PNM Phase 3 release","SFDC-44550","Aayush Shrivastava"
"US-0010543","Aayush Shrivastava","Dearborn PNM Phase 3 release","SFDC-42518","Aayush Shrivastava"
"US-0010576","Aayush Shrivastava","Dearborn PNM Phase 3 release","SFDC-44452","Aayush Shrivastava"
"US-0010588","Aayush Shrivastava","Dearborn PNM Phase 3 release","SFDC-44764","Aayush Shrivastava"
"US-0010610","Aayush Shrivastava","Dearborn PNM Phase 3 release","SFDC-47672","Aayush Shrivastava"
"US-0010636","Aayush Shrivastava","Dearborn PNM Phase 3 release","SFDC-44854","Aayush Shrivastava"
"US-0010637","Aayush Shrivastava","Dearborn PNM Phase 3 release","SFDC-44854","Aayush Shrivastava"
"US-0010658","Aayush Shrivastava","Dearborn PNM Phase 3 release","SFDC-44869","Aayush Shrivastava"
"US-0010667","Aayush Shrivastava","Dearborn PNM Phase 3 release","SFDC-44796","Aayush Shrivastava"
"US-0010672","Aayush Shrivastava","Dearborn PNM Phase 3 release","SFDC-44796","Aayush Shrivastava"
"US-0010690","Aayush Shrivastava","Dearborn PNM Phase 3 release","SFDC-45110","Aayush Shrivastava"
"US-0010699","Aayush Shrivastava","Dearborn PNM Phase 3 release","SFDC-45135","Aayush Shrivastava"
"US-0010711","Aayush Shrivastava","Dearborn PNM Phase 3 release","SFDC-45151","Aayush Shrivastava"
"US-0010713","Aayush Shrivastava","Dearborn PNM Phase 3 release","SFDC-44979","Aayush Shrivastava"
"US-0010714","Aayush Shrivastava","Dearborn PNM Phase 3 release","SFDC-40708","Aayush Shrivastava"
"US-0010725","Aayush Shrivastava","Dearborn PNM Phase 3 release","SFDC-45022","Aayush Shrivastava"
"US-0010737","Aayush Shrivastava","Dearborn PNM Phase 3 release","SFDC-44854","Aayush Shrivastava"
"US-0010747","Aayush Shrivastava","Dearborn PNM Phase 3 release","SFDc-44560","Aayush Shrivastava"
"US-0010757","Aayush Shrivastava","Dearborn PNM Phase 3 release","SFDC-44869","Aayush Shrivastava"
"US-0010758","Aayush Shrivastava","Dearborn PNM Phase 3 release","SFDC-44869","Aayush Shrivastava"
"US-0010845","Aayush Shrivastava","Dearborn PNM Phase 3 release","SFDC-44981","Aayush Shrivastava"
"US-0010847","Aayush Shrivastava","Dearborn PNM Phase 3 release","SFDC-45441","Aayush Shrivastava"
"US-0010854","Aayush Shrivastava","Dearborn PNM Phase 3 release","SFDC-45356","Aayush Shrivastava"
"US-0010906","Aayush Shrivastava","Dearborn PNM Phase 3 release","SFDC-45685","Aayush Shrivastava"
"US-0010966","Aayush Shrivastava","Dearborn PNM Phase 3 release","SFDC-45456","Aayush Shrivastava"
"US-0011048","Aayush Shrivastava","Dearborn PNM Phase 3 release","SFDC-45674","Aayush Shrivastava"
"US-0011057","Aayush Shrivastava","Dearborn PNM Phase 3 release","SFDC-46047","Aayush Shrivastava"
"US-0011058","Aayush Shrivastava","Dearborn PNM Phase 3 release","SFDC-46048","Aayush Shrivastava"
"US-0011087","Aayush Shrivastava","Dearborn PNM Phase 3 release","SFDC-46104","Aayush Shrivastava"
"US-0011106","Aayush Shrivastava","Dearborn PNM Phase 3 release","SFDC-43784","Aayush Shrivastava"
"US-0011110","Aayush Shrivastava","Dearborn PNM Phase 3 release","SFDC-44114","Aayush Shrivastava"
"US-0011118","Aayush Shrivastava","Dearborn PNM Phase 3 release","SFDC-43785","Aayush Shrivastava"
"US-0011134","Aayush Shrivastava","Dearborn PNM Phase 3 release","SFDC-45680","Aayush Shrivastava"
"US-0011142","Aayush Shrivastava","Dearborn PNM Phase 3 release","SFDC-46302","Aayush Shrivastava"
"US-0011146","Aayush Shrivastava","Dearborn PNM Phase 3 release","SFDC-46330","Aayush Shrivastava"
"US-0011202","Aayush Shrivastava","Dearborn PNM Phase 3 release","SFDC-46306","Aayush Shrivastava"
"US-0011204","Aayush Shrivastava","Dearborn PNM Phase 3 release","SFDC-46304","Aayush Shrivastava"
"US-0011205","Aayush Shrivastava","Dearborn PNM Phase 3 release","SFDC-46325","Aayush Shrivastava"
"US-0011238","Aayush Shrivastava","Dearborn PNM Phase 3 release","SFDC-45674","Aayush Shrivastava"
"US-0011406","Aayush Shrivastava","Dearborn PNM Phase 3 release","SFDC-46403","Aayush Shrivastava"
"US-0011412","Aayush Shrivastava","Dearborn PNM Phase 3 release","SFDC-46801","Aayush Shrivastava"
"US-0011423","Aayush Shrivastava","Dearborn PNM Phase 3 release","SFDC-46801","Aayush Shrivastava"
"US-0011434","Aayush Shrivastava","Dearborn PNM Phase 3 release","SFDC-46404","Aayush Shrivastava"
"US-0011468","Aayush Shrivastava","Dearborn PNM Phase 3 release","SFDC-46814","Aayush Shrivastava"
"US-0011470","Aayush Shrivastava","Dearborn PNM Phase 3 release","","Aayush Shrivastava"
"US-0011484","Aayush Shrivastava","Dearborn PNM Phase 3 release","SFDC-45990","Aayush Shrivastava"
"US-0011490","Aayush Shrivastava","Dearborn PNM Phase 3 release","SFDC-46012","Aayush Shrivastava"
"US-0011504","Aayush Shrivastava","Dearborn PNM Phase 3 release","","Aayush Shrivastava"
"US-0011505","Aayush Shrivastava","Dearborn PNM Phase 3 release","SFDC-44614","Aayush Shrivastava"
"US-0011512","Aayush Shrivastava","Dearborn PNM Phase 3 release","SFDC-47057","Aayush Shrivastava"
"US-0011528","Aayush Shrivastava","Dearborn PNM Phase 3 release","SFDC-46811","Aayush Shrivastava"
"US-0011529","Aayush Shrivastava","Dearborn PNM Phase 3 release","SFDC-46404","Aayush Shrivastava"
"US-0011567","Aayush Shrivastava","Dearborn PNM Phase 3 release","SFDC-47134","Aayush Shrivastava"
"US-0011588","Aayush Shrivastava","Dearborn PNM Phase 3 release","SFDC-46789","Aayush Shrivastava"
"US-0011590","Aayush Shrivastava","Dearborn PNM Phase 3 release","SFDC-46822","Aayush Shrivastava"
"US-0011607","Aayush Shrivastava","Dearborn PNM Phase 3 release","SFDC-47295","Aayush Shrivastava"
"US-0011623","Aayush Shrivastava","Dearborn PNM Phase 3 release","SFDC-47050","Aayush Shrivastava"
"US-0011627","Aayush Shrivastava","Dearborn PNM Phase 3 release","SFDC-46812","Aayush Shrivastava"
"US-0011637","Aayush Shrivastava","Dearborn PNM Phase 3 release","SFDC-47339","Aayush Shrivastava"
"US-0011647","Aayush Shrivastava","Dearborn PNM Phase 3 release","SFDC-46405","Aayush Shrivastava"
"US-0011720","Aayush Shrivastava","Dearborn PNM Phase 3 release","SFDC-47439","Aayush Shrivastava"
"US-0011723","Aayush Shrivastava","Dearborn PNM Phase 3 release","SFDC-47448","Aayush Shrivastava"
"US-0011771","Aayush Shrivastava","Dearborn PNM Phase 3 release","SFDC-47071","Aayush Shrivastava"
"US-0011779","Aayush Shrivastava","Dearborn PNM Phase 3 release","SFDC-47456","Aayush Shrivastava"
"US-0011782","Aayush Shrivastava","Dearborn PNM Phase 3 release","SFDC-47592","Aayush Shrivastava"
"US-0011789","Aayush Shrivastava","Dearborn PNM Phase 3 release","SFDC-47598","Aayush Shrivastava"
"US-0008252","Aayush Shrivastava","Dearborn PNM Release","SFDC-38881","Aayush Shrivastava"
"US-0008257","Aayush Shrivastava","Dearborn PNM Release","SFDC-38846","Aayush Shrivastava"
"US-0008271","Aayush Shrivastava","Dearborn PNM Release","SFDC-38854","Aayush Shrivastava"
"US-0008289","Aayush Shrivastava","Dearborn PNM Release","SFDC-38114","Aayush Shrivastava"
"US-0008293","Aayush Shrivastava","Dearborn PNM Release","SFDC-39651","Aayush Shrivastava"
"US-0010104","Aayush Shrivastava","Dearborn PNM Release","SFDC-43409","Aayush Shrivastava"
"US-0010115","Aayush Shrivastava","Dearborn PNM Release","SFDC-43410","Aayush Shrivastava"
"US-0010149","Aayush Shrivastava","Dearborn PNM Release","SFDC-41599","Aayush Shrivastava"
"US-0010156","Aayush Shrivastava","Dearborn PNM Release","SFDC-43991","Aayush Shrivastava"
"US-0010201","Aayush Shrivastava","Dearborn PNM Release","SFDC-44049","Aayush Shrivastava"
"US-0010328","Aayush Shrivastava","Dearborn PNM Release","SFDC-44294","Aayush Shrivastava"
"US-0010351","Aayush Shrivastava","Dearborn PNM Release","SFDC-44336","Aayush Shrivastava"
"US-0010352","Aayush Shrivastava","Dearborn PNM Release","","Aayush Shrivastava"
"US-0010386","Aayush Shrivastava","Dearborn PNM Release","SFDC-44424","Aayush Shrivastava"
"US-0010504","Aayush Shrivastava","Dearborn PNM Release","","Aayush Shrivastava"
"US-0010622","Aayush Shrivastava","Dearborn PNM Release","SFDC-44424","Aayush Shrivastava"
"US-0010795","Aayush Shrivastava","Dearborn PNM Release","SFDC-45206","Aayush Shrivastava"
"US-0010810","Aayush Shrivastava","Dearborn PNM Release","SFDC-45346","Aayush Shrivastava"
"US-0010826","Aayush Shrivastava","Dearborn PNM Release","SFDC-45415","Aayush Shrivastava"
"US-0010836","Aayush Shrivastava","Dearborn PNM Release","SFDC-45346","Aayush Shrivastava"
"US-0010977","Aayush Shrivastava","Dearborn PNM Release","SFDC-45599","Aayush Shrivastava"
"US-0007763","Aayush Shrivastava","Dearborn PNM Release","SFDC-38505","Aayush Shrivastava"
"US-0007817","Aayush Shrivastava","Dearborn PNM Release","SFDC-38496","Aayush Shrivastava"
"US-0007856","Aayush Shrivastava","Dearborn PNM Release","SFDC-38115","Aayush Shrivastava"
"US-0007866","Aayush Shrivastava","Dearborn PNM Release","SFDC-39167","Aayush Shrivastava"
"US-0007867","Aayush Shrivastava","Dearborn PNM Release","SFDC-39043","Aayush Shrivastava"
"US-0007980","Aayush Shrivastava","Dearborn PNM Release","SFDC-39170","Aayush Shrivastava"
"US-0007981","Aayush Shrivastava","Dearborn PNM Release","SFDC-38761","Aayush Shrivastava"
"US-0008027","Aayush Shrivastava","Dearborn PNM Release","SFDC-38041","Aayush Shrivastava"
"US-0008028","Aayush Shrivastava","Dearborn PNM Release","SFDC-39129","Aayush Shrivastava"
"US-0008029","Aayush Shrivastava","Dearborn PNM Release","SFDC-39134","Aayush Shrivastava"
"US-0008030","Aayush Shrivastava","Dearborn PNM Release","SFDC-39357","Aayush Shrivastava"
"US-0008048","Aayush Shrivastava","Dearborn PNM Release","SFDC-39094","Aayush Shrivastava"
"US-0008077","Aayush Shrivastava","Dearborn PNM Release","SFDC-39374","Aayush Shrivastava"
"US-0008099","Aayush Shrivastava","Dearborn PNM Release","SFDC-39446","Aayush Shrivastava"
"US-0008105","Aayush Shrivastava","Dearborn PNM Release","SFDC-39479","Aayush Shrivastava"
"US-0008129","Aayush Shrivastava","Dearborn PNM Release","SFDC-39492","Aayush Shrivastava"
"US-0008157","Aayush Shrivastava","Dearborn PNM Release","SFDC-39582","Aayush Shrivastava"
"US-0008204","Aayush Shrivastava","Dearborn PNM Release","SFDC-38789","Aayush Shrivastava"
"US-0008220","Aayush Shrivastava","Dearborn PNM Release","SFDC-40149","Aayush Shrivastava"
"US-0008223","Aayush Shrivastava","Dearborn PNM Release","SFDC-40155","Aayush Shrivastava"
"US-0008234","Aayush Shrivastava","Dearborn PNM Release","SFDC-40155","Aayush Shrivastava"
"US-0008238","Aayush Shrivastava","Dearborn PNM Release","SFDC-38789","Aayush Shrivastava"
"US-0008248","Aayush Shrivastava","Dearborn PNM Release","SFDC-38836","Aayush Shrivastava"
"US-0008536","Aayush Shrivastava","Dearborn PNM Release","SFDC-40290","Aayush Shrivastava"
"US-0008557","Aayush Shrivastava","Dearborn PNM Release","SFDC-40290","Aayush Shrivastava"
"US-0008558","Aayush Shrivastava","Dearborn PNM Release","SFDC-40334","Aayush Shrivastava"
"US-0008577","Aayush Shrivastava","Dearborn PNM Release","SFDC-40334","Aayush Shrivastava"
"US-0008578","Aayush Shrivastava","Dearborn PNM Release","SFDC-40344","Aayush Shrivastava"
"US-0008581","Aayush Shrivastava","Dearborn PNM Release","SFDC-40766","Aayush Shrivastava"
"US-0008595","Aayush Shrivastava","Dearborn PNM Release","SFDC-40334","Aayush Shrivastava"
"US-0008598","Aayush Shrivastava","Dearborn PNM Release","SFDC-40748","Aayush Shrivastava"
"US-0008614","Aayush Shrivastava","Dearborn PNM Release","SFDC-40748","Aayush Shrivastava"
"US-0008624","Aayush Shrivastava","Dearborn PNM Release","SFDC-40843","Aayush Shrivastava"
"US-0008625","Aayush Shrivastava","Dearborn PNM Release","SFDC-40334","Aayush Shrivastava"
"US-0008673","Aayush Shrivastava","Dearborn PNM Release","SFDC-40639","Aayush Shrivastava"
"US-0008674","Aayush Shrivastava","Dearborn PNM Release","SFDC-40639","Aayush Shrivastava"
"US-0008687","Aayush Shrivastava","Dearborn PNM Release","SFDC-40720","Aayush Shrivastava"
"US-0008688","Aayush Shrivastava","Dearborn PNM Release","SFDC-40639","Aayush Shrivastava"
"US-0008692","Aayush Shrivastava","Dearborn PNM Release","SFDC-40718","Aayush Shrivastava"
"US-0008693","Aayush Shrivastava","Dearborn PNM Release","SFDC-40722","Aayush Shrivastava"
"US-0008695","Aayush Shrivastava","Dearborn PNM Release","SFDC-40757","Aayush Shrivastava"
"US-0008711","Aayush Shrivastava","Dearborn PNM Release","SFDC-40752","Aayush Shrivastava"
"US-0008712","Aayush Shrivastava","Dearborn PNM Release","SFDC-40710","Aayush Shrivastava"
"US-0008714","Aayush Shrivastava","Dearborn PNM Release","SFDC-40638","Aayush Shrivastava"
"US-0008721","Aayush Shrivastava","Dearborn PNM Release","SFDC-40639","Aayush Shrivastava"
"US-0008722","Aayush Shrivastava","Dearborn PNM Release","SFDC-40720","Aayush Shrivastava"
"US-0008724","Aayush Shrivastava","Dearborn PNM Release","SFDC-41022","Aayush Shrivastava"
"US-0008747","Aayush Shrivastava","Dearborn PNM Release","SFDC-40727","Aayush Shrivastava"
"US-0008766","Aayush Shrivastava","Dearborn PNM Release","SFDC-40639","Aayush Shrivastava"
"US-0008772","Aayush Shrivastava","Dearborn PNM Release","SFDC-40710","Aayush Shrivastava"
"US-0008791","Aayush Shrivastava","Dearborn PNM Release","SFDC-40973","Aayush Shrivastava"
"US-0008792","Aayush Shrivastava","Dearborn PNM Release","SFDC-40969","Aayush Shrivastava"
"US-0008801","Aayush Shrivastava","Dearborn PNM Release","SFDC-40971","Aayush Shrivastava"
"US-0008818","Aayush Shrivastava","Dearborn PNM Release","SFDC-40970","Aayush Shrivastava"
"US-0008829","Aayush Shrivastava","Dearborn PNM Release","SFDC-40835","Aayush Shrivastava"
"US-0008836","Aayush Shrivastava","Dearborn PNM Release","SFDC-41100","Aayush Shrivastava"
"US-0008853","Aayush Shrivastava","Dearborn PNM Release","SFDC-40847","Aayush Shrivastava"
"US-0008858","Aayush Shrivastava","Dearborn PNM Release","SFDC-40465","Aayush Shrivastava"
"US-0008871","Aayush Shrivastava","Dearborn PNM Release","SFDC-40846","Aayush Shrivastava"
"US-0008872","Aayush Shrivastava","Dearborn PNM Release","SFDC-41043","Aayush Shrivastava"
"US-0008883","Aayush Shrivastava","Dearborn PNM Release","SFDC-41100","Aayush Shrivastava"
"US-0008887","Aayush Shrivastava","Dearborn PNM Release","SFDC-41240","Aayush Shrivastava"
"US-0008894","Aayush Shrivastava","Dearborn PNM Release","SFDC-41234","Aayush Shrivastava"
"US-0008895","Aayush Shrivastava","Dearborn PNM Release","","Aayush Shrivastava"
"US-0008912","Aayush Shrivastava","Dearborn PNM Release","SFDC-41236","Aayush Shrivastava"
"US-0008943","Aayush Shrivastava","Dearborn PNM Release","SFDC-40762","Aayush Shrivastava"
"US-0008949","Aayush Shrivastava","Dearborn PNM Release","SFDC-40845","Aayush Shrivastava"
"US-0008959","Aayush Shrivastava","Dearborn PNM Release","SFDC-41542","Aayush Shrivastava"
"US-0008962","Aayush Shrivastava","Dearborn PNM Release","SFDC-41354","Aayush Shrivastava"
"US-0008963","Aayush Shrivastava","Dearborn PNM Release","","Aayush Shrivastava"
"US-0008969","Aayush Shrivastava","Dearborn PNM Release","","Aayush Shrivastava"
"US-0008973","Aayush Shrivastava","Dearborn PNM Release","","Aayush Shrivastava"
"US-0008980","Aayush Shrivastava","Dearborn PNM Release","","Aayush Shrivastava"
"US-0008991","Aayush Shrivastava","Dearborn PNM Release","SFDC-41543","Aayush Shrivastava"
"US-0008993","Aayush Shrivastava","Dearborn PNM Release","SFDC-41587","Aayush Shrivastava"
"US-0009002","Aayush Shrivastava","Dearborn PNM Release","SFDC-41588","Aayush Shrivastava"
"US-0009006","Aayush Shrivastava","Dearborn PNM Release","SFDC-41582","Aayush Shrivastava"
"US-0009011","Aayush Shrivastava","Dearborn PNM Release","SFDC-41616","Aayush Shrivastava"
"US-0009026","Aayush Shrivastava","Dearborn PNM Release","SFDC-41576","Aayush Shrivastava"
"US-0009047","Aayush Shrivastava","Dearborn PNM Release","SFDC-41672","Aayush Shrivastava"
"US-0009048","Aayush Shrivastava","Dearborn PNM Release","SFDC-41239","Aayush Shrivastava"
"US-0009065","Aayush Shrivastava","Dearborn PNM Release","SFDC-41601","Aayush Shrivastava"
"US-0009066","Aayush Shrivastava","Dearborn PNM Release","SFDC-41075","Aayush Shrivastava"
"US-0009071","Aayush Shrivastava","Dearborn PNM Release","SFDC-41259","Aayush Shrivastava"
"US-0009084","Aayush Shrivastava","Dearborn PNM Release","SFDC-41770","Aayush Shrivastava"
"US-0009175","Aayush Shrivastava","Dearborn PNM Release","SFDC-41910","Aayush Shrivastava"
"US-0009176","Aayush Shrivastava","Dearborn PNM Release","SFDC-41654","Aayush Shrivastava"
"US-0009177","Aayush Shrivastava","Dearborn PNM Release","SFDC-41602","Aayush Shrivastava"
"US-0009210","Aayush Shrivastava","Dearborn PNM Release","SFDC-41655","Aayush Shrivastava"
"US-0009212","Aayush Shrivastava","Dearborn PNM Release","SFDC-41975","Aayush Shrivastava"
"US-0009213","Aayush Shrivastava","Dearborn PNM Release","SFDC-41937?","Aayush Shrivastava"
"US-0009214","Aayush Shrivastava","Dearborn PNM Release","SFDC-41762","Aayush Shrivastava"
"US-0009242","Aayush Shrivastava","Dearborn PNM Release","SFDC-41088","Aayush Shrivastava"
"US-0009270","Aayush Shrivastava","Dearborn PNM Release","SFDC-42010","Aayush Shrivastava"
"US-0009274","Aayush Shrivastava","Dearborn PNM Release","SFDC-42007","Aayush Shrivastava"
"US-0009315","Aayush Shrivastava","Dearborn PNM Release","SFDC-42135","Aayush Shrivastava"
"US-0009316","Aayush Shrivastava","Dearborn PNM Release","SFDC-42135","Aayush Shrivastava"
"US-0009317","Aayush Shrivastava","Dearborn PNM Release","SFDC-42135","Aayush Shrivastava"
"US-0009318","Aayush Shrivastava","Dearborn PNM Release","SFDC-42135","Aayush Shrivastava"
"US-0009341","Aayush Shrivastava","Dearborn PNM Release","SFDC-42164","Aayush Shrivastava"
"US-0009353","Aayush Shrivastava","Dearborn PNM Release","SFDC-42190","Aayush Shrivastava"
"US-0009370","Aayush Shrivastava","Dearborn PNM Release","SFDC-42204","Aayush Shrivastava"
"US-0009387","Aayush Shrivastava","Dearborn PNM Release","SFDC-42233","Aayush Shrivastava"
"US-0009388","Aayush Shrivastava","Dearborn PNM Release","SFDC-42267","Aayush Shrivastava"
"US-0009437","Aayush Shrivastava","Dearborn PNM Release","SFDC-42386","Aayush Shrivastava"
"US-0009451","Aayush Shrivastava","Dearborn PNM Release","SFDC-42404","Aayush Shrivastava"
"US-0009497","Aayush Shrivastava","Dearborn PNM Release","SFDC-41075","Aayush Shrivastava"
"US-0009498","Aayush Shrivastava","Dearborn PNM Release","SFDC-42552","Aayush Shrivastava"
"US-0009526","Aayush Shrivastava","Dearborn PNM Release","SFDC-42595","Aayush Shrivastava"
"US-0009541","Aayush Shrivastava","Dearborn PNM Release","SFDC-47672","Aayush Shrivastava"
"US-0009557","Aayush Shrivastava","Dearborn PNM Release","SFDC-42724","Aayush Shrivastava"
"US-0009571","Aayush Shrivastava","Dearborn PNM Release","SFDC-41655","Aayush Shrivastava"
"US-0009586","Aayush Shrivastava","Dearborn PNM Release","SFDC-42705","Aayush Shrivastava"
"US-0009587","Aayush Shrivastava","Dearborn PNM Release","SFDC-42591","Aayush Shrivastava"
"US-0009597","Aayush Shrivastava","Dearborn PNM Release","SFDC-42552","Aayush Shrivastava"
"US-0009600","Aayush Shrivastava","Dearborn PNM Release","SFDC-42744","Aayush Shrivastava"
"US-0009632","Aayush Shrivastava","Dearborn PNM Release","SFDC-42846","Aayush Shrivastava"
"US-0009645","Aayush Shrivastava","Dearborn PNM Release","SFDC-42847","Aayush Shrivastava"
"US-0009646","Aayush Shrivastava","Dearborn PNM Release","SFDC-42845","Aayush Shrivastava"
"US-0009647","Aayush Shrivastava","Dearborn PNM Release","SFDC-47672","Aayush Shrivastava"
"US-0009656","Aayush Shrivastava","Dearborn PNM Release","SFDC-42867","Aayush Shrivastava"
"US-0009661","Aayush Shrivastava","Dearborn PNM Release","SFDC-42890","Aayush Shrivastava"
"US-0009667","Aayush Shrivastava","Dearborn PNM Release","SFDC-42884","Aayush Shrivastava"
"US-0009691","Aayush Shrivastava","Dearborn PNM Release","SFDC-42916","Aayush Shrivastava"
"US-0009696","Aayush Shrivastava","Dearborn PNM Release","SFDC-42846","Aayush Shrivastava"
"US-0009699","Aayush Shrivastava","Dearborn PNM Release","SFDC-42846","Aayush Shrivastava"
"US-0009730","Aayush Shrivastava","Dearborn PNM Release","SFDC-42891","Aayush Shrivastava"
"US-0009761","Aayush Shrivastava","Dearborn PNM Release","SFDC-43110","Aayush Shrivastava"
"US-0009763","Aayush Shrivastava","Dearborn PNM Release","SFDC-43098","Aayush Shrivastava"
"US-0009780","Aayush Shrivastava","Dearborn PNM Release","SFDC-43137","Aayush Shrivastava"
"US-0009781","Aayush Shrivastava","Dearborn PNM Release","SFDC-43087","Aayush Shrivastava"
"US-0009783","Aayush Shrivastava","Dearborn PNM Release","SFDC-43085","Aayush Shrivastava"
"US-0009813","Aayush Shrivastava","Dearborn PNM Release","SFDC-42916","Aayush Shrivastava"
"US-0009819","Aayush Shrivastava","Dearborn PNM Release","SFDC-42969","Aayush Shrivastava"
"US-0009841","Aayush Shrivastava","Dearborn PNM Release","SFDC-43338","Aayush Shrivastava"
"US-0009843","Aayush Shrivastava","Dearborn PNM Release","SFDC-38797","Aayush Shrivastava"
"US-0009852","Aayush Shrivastava","Dearborn PNM Release","SFDC-43337","Aayush Shrivastava"
"US-0009861","Aayush Shrivastava","Dearborn PNM Release","SFDC-43371","Aayush Shrivastava"
"US-0009874","Aayush Shrivastava","Dearborn PNM Release","SFDC-43371","Aayush Shrivastava"
"US-0009880","Aayush Shrivastava","Dearborn PNM Release","SFDC-43446","Aayush Shrivastava"
"US-0009921","Aayush Shrivastava","Dearborn PNM Release","SFDC-43503","Aayush Shrivastava"
"US-0009922","Aayush Shrivastava","Dearborn PNM Release","SFDC-42426","Aayush Shrivastava"
"US-0009924","Aayush Shrivastava","Dearborn PNM Release","SFDC-43504","Aayush Shrivastava"
"US-0009925","Aayush Shrivastava","Dearborn PNM Release","SFDC-43504","Aayush Shrivastava"
"US-0009927","Aayush Shrivastava","Dearborn PNM Release","SFDC-43504","Aayush Shrivastava"
"US-0010066","Aayush Shrivastava","Dearborn PNM Release","SFDC-43412","Aayush Shrivastava"
"US-0010081","Aayush Shrivastava","Dearborn PNM Release","SFDC-47672","Aayush Shrivastava"
"US-0007641","Aayush Shrivastava","Dearborn PNM Release","SFDC-38237","Aayush Shrivastava"
"US-0007652","Aayush Shrivastava","Dearborn PNM Release","SFDC-38181","Aayush Shrivastava"
"US-0007662","Aayush Shrivastava","Dearborn PNM Release","SFDC-38034","Aayush Shrivastava"
"US-0007669","Aayush Shrivastava","Dearborn PNM Release","SFDC-38043","Aayush Shrivastava"
"US-0008357","Aayush Shrivastava","Dearborn PNM Release","SFDC-40236","Aayush Shrivastava"
"US-0008379","Aayush Shrivastava","Dearborn PNM Release","SFDC-40236","Aayush Shrivastava"
"US-0008395","Aayush Shrivastava","Dearborn PNM Release","SFDC-40041","Aayush Shrivastava"
"US-0008397","Aayush Shrivastava","Dearborn PNM Release","SFDC-39647","Aayush Shrivastava"
"US-0008398","Aayush Shrivastava","Dearborn PNM Release","SFDC-40070","Aayush Shrivastava"
"US-0008399","Aayush Shrivastava","Dearborn PNM Release","SFDC-39649","Aayush Shrivastava"
"US-0008400","Aayush Shrivastava","Dearborn PNM Release","SFDC-39648","Aayush Shrivastava"
"US-0008412","Aayush Shrivastava","Dearborn PNM Release","SFDC-40063","Aayush Shrivastava"
"US-0008414","Aayush Shrivastava","Dearborn PNM Release","SFDC-40489","Aayush Shrivastava"
"US-0008462","Aayush Shrivastava","Dearborn PNM Release","SFDC-40549","Aayush Shrivastava"
"US-0008482","Aayush Shrivastava","Dearborn PNM Release","SFDC-40290","Aayush Shrivastava"
"US-0008483","Aayush Shrivastava","Dearborn PNM Release","SFDC-40290","Aayush Shrivastava"
"US-0008492","Aayush Shrivastava","Dearborn PNM Release","SFDC-39444","Aayush Shrivastava"
"US-0008498","Aayush Shrivastava","Dearborn PNM Release","SFDC-40579","Aayush Shrivastava"
"US-0008504","Aayush Shrivastava","Dearborn PNM Release","SFDC-38789","Aayush Shrivastava"
"US-0008517","Aayush Shrivastava","Dearborn PNM Release","SFDC-38789","Aayush Shrivastava"
"US-0008519","Aayush Shrivastava","Dearborn PNM Release","SFDC-38237","Aayush Shrivastava"
"US-0011229","Aayush Shrivastava","Dearborn PNM Release","SFDC-46360","Aayush Shrivastava"
"US-0011274","Aayush Shrivastava","Dearborn PNM Release","SFDC-46306","Aayush Shrivastava"
"US-0011277","Aayush Shrivastava","Dearborn PNM Release","SFDC-46304","Aayush Shrivastava"
"US-0011279","Aayush Shrivastava","Dearborn PNM Release","SFDC-46325","Aayush Shrivastava"
"US-0011312","Aayush Shrivastava","Dearborn PNM Release","SFDC-45744","Aayush Shrivastava"
"US-0011336","Aayush Shrivastava","Dearborn PNM Release","SFDC-45744","Aayush Shrivastava"
"US-0011350","Aayush Shrivastava","Dearborn PNM Release","SFDC-46475","Aayush Shrivastava"
"US-0011377","Aayush Shrivastava","Dearborn PNM Release","SFDC-46475","Aayush Shrivastava"
"US-0011405","Aayush Shrivastava","Dearborn PNM Release","SFDC-46783","Aayush Shrivastava"
"US-0011514","Aayush Shrivastava","Dearborn PNM Release","SFDC-47051","Aayush Shrivastava"
"US-0011533","Aayush Shrivastava","Dearborn PNM Release","","Aayush Shrivastava"
"US-0011546","Aayush Shrivastava","Dearborn PNM Release","SFDC-46541","Aayush Shrivastava"
"US-0011576","Aayush Shrivastava","Dearborn PNM Release","SFDC-46541","Aayush Shrivastava"
"US-0011598","Aayush Shrivastava","Dearborn PNM Release","SFDC-47094","Aayush Shrivastava"
"US-0011634","Aayush Shrivastava","Dearborn PNM Release","SFDC-47328","Aayush Shrivastava"
"US-0011673","Aayush Shrivastava","Dearborn PNM Release","SFDC-47267","Aayush Shrivastava"
"US-0011677","Aayush Shrivastava","Dearborn PNM Release","SFDC-47357","Aayush Shrivastava"
"US-0011699","Aayush Shrivastava","Dearborn PNM Release","SFDC-47406","Aayush Shrivastava"
